<?xml version="1.0" encoding="UTF-8"?>
<project-private xmlns="http://www.netbeans.org/ns/project-private/1">
    <editor-bookmarks xmlns="http://www.netbeans.org/ns/editor-bookmarks/2" lastBookmarkId="0"/>
    <open-files xmlns="http://www.netbeans.org/ns/projectui-open-files/2">
        <group>
            <file>file:/C:/Users/peraz/OneDrive/Documents/NetBeansProjects/GDMSApplication/src/com/login/folder/SignupJFrame.java</file>
            <file>file:/C:/Users/peraz/OneDrive/Documents/NetBeansProjects/GDMSApplication/src/com/login/folder/LoginFrame.java</file>
            <file>file:/C:/Users/peraz/OneDrive/Documents/NetBeansProjects/GDMSApplication/src/com/home/HomeJFrame.java</file>
            <file>file:/C:/Users/peraz/OneDrive/Documents/NetBeansProjects/GDMSApplication/src/com/login/folder/SignUp.java</file>
            <file>file:/C:/Users/peraz/OneDrive/Documents/NetBeansProjects/GDMSApplication/src/com/login/folder/Bal.java</file>
            <file>file:/C:/Users/peraz/OneDrive/Documents/NetBeansProjects/GDMSApplication/src/com/home/GymEmployee.java</file>
            <file>file:/C:/Users/peraz/OneDrive/Documents/NetBeansProjects/GDMSApplication/src/com/databaseCon/DB.java</file>
        </group>
    </open-files>
</project-private>
